,OK,NOK,All,Angle
0,0.904330312185297,0.005076142131979695,0.8702235039653929,1
1,0.9002016129032258,0.005076142131979695,0.8780663780663781,2
2,0.9213709677419355,0.005076142131979695,0.8751803751803752,3
3,0.9012096774193549,0.005076142131979695,0.7922077922077922,4
